wallet,credit_score
0x754732d5987d1d7418bba1ae0fc394f489ed05fc,100.0
0x84eaeed5c646fe8c65a7d0f913765c9d1d1c5495,98.68951148677411
0xff33e152a55d9f2364d3b193b5015551822a87c3,96.72377871713456
0x57ca561798413a20508b6bc997481e784f3e6e5f,96.068534460329
0xc629c432925569803f88c58c073d891878edb2a4,96.06853446032292
0x49a8af97336575cfbd6bc80333af825da7e58276,95.41760145910422
0x388b93c535b5c3ccdb14770516d7caf5590ed009,94.88158266488999
0x1a26324c9628c12646bc0f1e19aea29ec3e73069,94.78063279238508
0x1eadf920f242fbf927c8b2a1a157790af0547cdd,94.7580459470973
0xe7872e12d45c83b12b0974f72f033b25ec6edb1f,94.10280559877785
0xf975c3dec242e71d1d3066ec1cdb4a9e8640a208,94.10280169560393
0xb25de016514f6a74a83c74d2c179296813acb93b,94.10280169052346
0xb7c370ba8c562b737fb90ebaa311448060ce52ae,94.10280169048454
0xfbf559ff05e2cc602891bf56861cf3bf42b7bfba,93.50598308215568
0xe21ad9710a96a50f6f5a13ac4600fae126c5cc1f,93.44755744165974
0x0a3916df4ee8966c8003f5388b92b189b3563134,93.44755743393401
0xa320f07e67cc5e6008342490710e56d028c16a51,93.4475574338725
0xcf0c58a80bf3bc0395f7c0895f4945b6a325e262,93.44755743387171
0xe9d67d01dfd5569fd78565c9fb2a0c372eda7fe3,93.44755743387171
0x80cd9d5765a8e19835f046978eba04401c8c9d69,93.44592209419731
0x8ba0ccb6c77d1f07775d42d608433ecdf25f2997,92.8702223499768
0x84ca1d69f45e510591e4adea4925dcda57a479c5,92.80013151642223
0xa5ccd262702697cda41dd97b598f4de95c596309,92.79270374806866
0x5b7aa47a8ae661db9e63030f57f68134317ba205,92.79250787736956
0xdbbc0936a867487d3cf6cf3ae968b1c8f17f2a76,92.79239108954508
0x9428e55418755b2f902d3b1f898a871ab5634182,92.79231317725926
0x59d206ee603f2e0378433f8c5f17af53bb769869,92.7923131772589
0xcb4535893d7227cd8ae3071e7eb6aa6fdd29bfea,92.7923131772589
0x037794c3769b65c82392be5eee1dc8bc175006da,92.7923131772589
0x330513970efd9e8dd606275fb4c50378989b3204,92.7923131772589
0x6b108433be59e917efa929e5f3e95acdbd2d59b9,92.7923131772589
0xe54dae18b3af0a840c72cc8c0a0c2200acbf6ade,92.79231317725868
0xd4fa2c09dfdab264a0ffa6c79683595a963d6ecc,92.14502526078617
0x02b900ce068b3e615b5b13bcfeafb60b61c8ca94,92.14106232040821
0xbc55ddde7e65cca2a662c76fed091c682ed105f2,92.13746865837332
0x85e769a5efb61cfc6e2bed909b33cafffe0f926d,92.13732329405893
0x52b2b65928ce35d0b22b375e013b0539b4d5843f,92.1371546039904
0xe62721e908b7cbd4f92a014d5ccf07adbf71933b,92.13706931827183
0x08bc3d2a7c413c97ac10eb32e8af359d0094535d,92.13706895960459
0xea2f87d1afd323035e82a409e522625e1399f947,92.13706892147081
0x1b31fecec10efb0951d7e5947f2174a4440c86d8,92.13706892068515
0x3186f6710841ee9b0ec5f40f3fda8d1ec7a0fe43,92.13706892064614
0x4c69939dd51fb2a265a1619677a3522fb782a8e5,92.13706892064612
0xda37cbdd756bba49d04ef03f35b843bbf6819cae,92.13706892064612
0x129a2f22bf1b4585cf79a4e1dcc845e7854238cb,92.13706892064612
0xf78f345b5f5c1d647ffdef1e3a525cc00b9e0fc6,92.13706892064612
0xf47a5199146a271dbfc77f9f1df86dccfbc1f516,92.13701293424467
0xea776df653ae204fa2168f44f69955b126c01ee5,92.07568622497709
0x854f9d7ecc8b78b2f4c46f6a03378943b96b6715,91.48699259713415
0x19f9aa162f71014b6b5859dd9b50b448629aa7a2,91.48381341294206
0x1d3cf81bd52daa3b44fdd1bfab0ce3d60de0c67c,91.4824554818329
0xd7fda2f95965ed0ef3c5a009a8f7b508bb0180e0,91.48186750005985
0xaa4fc13b70f51d8f79901c4c908a6fb39973c081,91.48186360625624
0x4e629181563e3d9ced0e88465899652f70fd0264,91.48182489771027
0x433df22167f45f896456e90cdcb3369406b928ab,91.48182471839891
0x6186b23d5c5633bef2fb2df04b6192bbeb61de20,91.4818247127072
0x8ae6f300e37e2159cae5ae5ac783825b368cd18f,91.48182466434494
0x567a904799011c2edcdf3d21178b6828b009b446,91.48182466422806
0x94d2728b087325e4e407526d22ed0b784a05fb7f,91.48182466415025
0x327b9dee1830f8201efa751fd96f7b1ad0b300a1,91.48182466405278
0x865f4ec04d1e2215c03229395f9280307006cef1,91.48182466405105
0xbbfb6566ad064c233af6314aeb1eee4c26a5f921,91.48182466403719
0x04b35d8eb17729b2c4a4224d07727e2f71283b73,91.48182466403631
0x879bf9e4294cdfe6e06ca596ac247c78851469b6,91.4818246640343
0xe50db3167281ec75ec9303684be40ca311401238,91.48182466403372
0xc155f9bd6b71e9f71d0236b689ad7c2c5d16febf,91.48182466403337
0x24d02e64d4a2580d570666546ac937adab2b3e08,91.48182466403337
0xf1f0c294d247e8691d1118a86ccc669da3c75ca8,91.48182466403331
0xefa84702c530088667b61735285cc66cde046219,91.48182466403331
0xe8301b6230b387a9298438e65952ecefb2d156b9,91.48182466403331
0x111bd7e99de77711794d44ae1a47aa7591806e7c,91.48182466403331
0x2cadaa8deaeb13ee93064ccde2d6360dab42122a,91.48182466403331
0x08378daccb47692e28665105818105904fa50f4f,91.48182466403331
0x97b806b25761775aad189985349f2c46fd7909dc,91.48182466403331
0x63ceb6367d0a5ba9fac558d7143a6a0ce6f41bd7,91.48182466403331
0x2ea631bda7f9bb50b441c7d627f0a89d1fee0ebc,91.48182466403331
0x477e6fae13e7158876848ab6092e75c4069f940b,91.48182466403331
0x6ea82c9dc34393b621b3d91426f7f3dc7ebc8983,91.48182466395326
0x9d60dbf81faa358f4809906f21f1e16ce983d578,91.48182462882771
0x5ec6abff9bb4c673f63d077a962a29945f744857,90.82852740398087
0x073c841e832b7cc2e75d0fb1f8a98dca355bf485,90.82702043046532
0xeefce247bff7b6d8d1494dc0f6bcc720a97fc9b9,90.8266302559733
0x1b63a208e891fd022f4ac72e25e12ecca7d692e8,90.82659600195274
0xb262e3a65c128951e0545231e3a67659e5d0ea53,90.82658177047284
0xd1452744a54ac2c1f996c4e4b68bbdcb31771abf,90.82658138090268
0xc8ec460a5ba88d441d733a6038565658670a9876,90.82658079838716
0x8cc09f8debe3ebc04d0308124693f4aae318b0ac,90.82658068007152
0x1ed7bf5bbdcd0b67d6ed387c60dcacd52183c9d2,90.82658059569793
0xc84901bfd3be8a6ceacf7180ce3ba0968a90b9b0,90.8265805346959
0x659b38c4a9ba3c3e711e2317cf53b08690fafbd2,90.82658048540763
0x08bb933f6560d28c23e14523b93c8544ad6a92fd,90.82658042455442
0xab75b5a983a53d1edca4caa12f8d13135f331c00,90.8265804194917
0xc59508a291ce2a3bb3db6aabcaabb1c3ece79212,90.82658041139993
0x99a0b6f51f53f086690b5e0b99efb46e77b48bc5,90.82658040917508
0x84411e36f57516f3b359d9afbcada418f07bbccc,90.82658040781827
0x593396a9770085ac84a8c066018dea1473fe29c0,90.82658040781001
0xfb7bc87fc7aeb0dcc20d0b3fd0d7cf17b26c6cc2,90.82658040773869
0x050d4a19c3e3d17e1252861694cead0045e78e01,90.82658040761521
0x9c0c590ab0365d96b530cfffac56859c003f4f27,90.826580407577
0xb45a9ff03e19e1de691c2a41079f92ed9ee1d0df,90.82658040753734
0xc88bfb7d6791a1d408c25f6485e6f688a3e931b5,90.82658040750043
0x2c2f838f0dac3f4915f4a57f3cb63abcd806ee40,90.8265804074984
0x1168997d062805c7e1999ef294721d112f50d64f,90.82658040745554
0x198a123599e65140bfefa096648d968a67c3b807,90.82658040743217
0xad45cb43960de100b1b81f30ee03bc881e61a905,90.82658040743024
0xe4b93551161ba6c5570a2487136a726fc1b2c13a,90.82658040742862
0x13f6ad4b4c7a45238f5ec36a311234b78b64607e,90.82658040742443
0x5d49c7f7330907fd67401782f95d93c3ff7305dd,90.82658040742166
0x4fe201c89a5fe458162e9203be9da1c542635d31,90.82658040742095
0xd1c04737c664b1baae54021fdbd22b9841c5d9dc,90.82658040742065
0x36160db7180e5e9c16d6a8e6da4f5697440c1449,90.82658040742064
0x4a644c0e80561e8a699d996b002fdd96f107c2a5,90.82658040742052
0x03a7025dd5774fe6a6294ee861873ff259528a51,90.82658040742052
0xb8b4dd74eefa64b1de91ba3143b35d9f00f8dec6,90.82658040742052
0x5d8c7906059774522a1a2a4dc285ce67bb414e51,90.82658040742052
0xc64737eae97ae7cfd95b40ff690f50d01b92ed6d,90.82658040742052
0xf1626db1dc19866397b2444b23646b8576ac7985,90.82658040742052
0x9a75bccb9046827a9ee9c5038b9af16e3044b629,90.82658040742052
0xba46695289f0835d73658cb7de23dbf24667e0be,90.8265804074205
0x69c51ef78fa71b314623bdfe920d19c03e47d853,90.8265804074205
0x1a7f2facb24f237e60621f367939af7011705cf7,90.8265804074205
0x101bde16ab7a15d1eacdfcb42e4707fdfd70ddac,90.8265804074205
0x8f3e94943d8184f1ada8afb9c04719f02385dc86,90.8265804074205
0x596888345c9e3c6f7d0f4e5d8590941e2cab52e8,90.8265804074205
0x4929f4d38f2955649b5aa34343da04cf790b9d92,90.8265804074205
0x29e791cf9a09bd02ad1c13d5421e785f882470e5,90.8265804074205
0xa9082e035c8b5d19cf674e2811242a04237b4d37,90.8265804074205
0x8da5731881cb2cc502cf9e7e8e1a93a71907776f,90.8265804074205
0x7d463bb199eb9b7f7108566cc11d47224e54c481,90.8265804074205
0x47b0f09d54af9de6f375ce6638436ca1cad21a4b,90.8265804074205
0xb451b8f48805744073185a4ae6d44062711f722e,90.8265804074205
0x7eb5f8d32d395bbc1ae4343fbf1a4f016cbcbcb4,90.8265804074205
0x74e7d2e5f534af5bad1303517ab95e372f639413,90.8265804074205
0x91758e6cf1cd2a07242c42645edb0aed21d9f16a,90.8265804074205
0x0cb3417467950d8a75eb683bbabab156d95886d5,90.8265804074205
0x0bc721b2301b61534f14e0035910bca83e11ea56,90.8265804074205
0x30f837cb95bd29411a58b77a539b021f57749dad,90.82658040739922
0x47dd04a8b5c1e3a908b7f263f40e4e6fa34e0648,90.81837418077625
0x1cb1422cc9c8ab7c91474d624884ba2142a0c2e8,90.38443471972852
0xe7d6e666063904e2f21beb8daed5eefeddaad794,90.17531370033225
0x196b998ae1f0570c66e2ed523a072686f8fb77c1,90.17328317008673
0x7c6c989beaa5a04b7bd048bf2d87b159917b72d6,90.17219288075452
0xfceb897f8346c36392cd5093ef9b2254d80524a0,90.1717645437323
0x944a45b9c842aea385c5555b0fcb522f6fccec3f,90.17166713248358
0xb9322f44956be67d47194df6abf9cea144a80412,90.17133701675284
0xdbb23181ee65c714ea5eaeba33c5313ba44d05da,90.17133654875394
0xc4341bb7193c4a92c2f300b96c06e68783b941cd,90.17133619948791
0xf920eb48f07b391ad261390ce5d638d5905f07ce,90.17133617417194
0xb10a1935987bebf639ea111ff61c08f72bae18ff,90.17133617339313
0xba01181cf9f9c71819f95bb73e6e116b43304937,90.17133617300374
0xa8264b3dbda7896b945c4e9c8fcd520db63ac335,90.17133616443708
0x24c8d541b63b38acc56bf4001e307ddd93a74741,90.17133616210073
0x39a49e1680f7ef3679db21fb56db79d0d5ac4113,90.17133616015374
0x7d0baed25f47667297ca6a60302540d6620696f2,90.17133615937495
0x3386b40c77598a1824679c6ff96072aadc29688b,90.1713361578168
0xd128a227d116c70d17c9b4cafa033da2fceac4d9,90.17133615664919
0x663d3947f03ef5b387992b880ac85940057c13e3,90.1713361562592
0xe97cf016272670034062a9f0214e20d518ef4308,90.17133615470225
0x3542b35d9ddf4400d24964a44b8c2a2580872018,90.1713361531442
0x7a61d61c0eb0e6463af9ece0c6cbaa8eb657d1b8,90.17133615108037
0xed62d3a2e79f8f29dc34eea5f12bfa15cd99c7c9,90.17133615099176
0x16515bb9564ecc1424e4c15f84b84f03b935e25d,90.1713361509207
0xa78e0e83d3b6e409969d5bdb32a6169d37af899a,90.17133615086674
0x0d11cf08e3062d94cd41968cefc87d1f90be9092,90.17133615086608
0x42dd6252b9be3dad03220e8f730c300564d741a8,90.1713361508574
0xfabef6ffa91e6b6b8e089134c3c01716817e2fd6,90.17133615084748
0x12caab5ae0ed6dabcd0a88c3071d20be7b72cf18,90.17133615081977
0x3f6e413e6b05634ab7f8785a297843ab45d36749,90.17133615081937
0xa7bfc044bdedb73c37d88a87b718516aa0484b41,90.17133615081747
0xc3de375eea3118c63e5b41f983ec5ea4408cd708,90.17133615081548
0x3caa79812a1dd837c4ae03203bf3d970a8c9b94f,90.17133615081235
0x28904c926d420cc9cefe6b478e3021ece6b68a06,90.17133615081187
0xe3dac870128f4e2d53181d77b94eea7ce813e25c,90.17133615081157
0x82d2f38590c103a11c860103991485d2954edde8,90.17133615081042
0xac76f3a96dc5957ee47b28620878404a4fecd732,90.17133615080962
0x923b2e138c0e4fa835dc0bba40fd70fab383a4ec,90.17133615080944
0xb5ccc38dee973ede2d78c071e4b9c2e49783101c,90.17133615080884
0xa1699400f2327529039f9c33158878ef01cc8cd9,90.17133615080853
0xbf87495df841bfda504592a5b28e536277560a13,90.17133615080849
0x00debfe5f41ef7e7b0e51c72793f261b20338e86,90.17133615080809
0x5ca4223e5d0c35c59304979dbc0f002edac49405,90.17133615080809
0x94b1b989526e4d67d0bcdffc8aae32417cdb667c,90.17133615080809
0x19e294daf4d9c2e754ef3833a6fea6fee19595ab,90.17133615080792
0x1316327cd467324fadc5c978ca8d3bfed4be1c87,90.17133615080787
0xa2bcf31f22d585ac9dbb82821018df853c0eb679,90.17133615080787
0x83671580fd3ea9a970747df985e36f048fc3cdb9,90.17133615080787
0x114c4406ad60f8bee11fba8e5021518306448a35,90.1713361508078
0x94c9766a7a0e47a5b3227663b04ab557dbc7471a,90.17133615080778
0x87f8e4ff5280242e001ee0c14136ce9db8d6bc41,90.17133615080778
0x0d6214713bf0675f68a23c5e314e05da711c79f7,90.17133615080776
0x4f7c086ad228c57ba3e65d8f309aed2c920afab6,90.17133615080776
0x184cc5908e1a3d29b4d31df67d99622c4baa7b71,90.17133615080776
0xabbb893e909a74d29e624e27220a8e4e7eed8b1c,90.17133615080772
0x31a48fa51f4a1563c0f9b78212efb9185b91ed6f,90.17133615080772
0xb056dce22b9785856b7cb56e36240269c227ba3e,90.17133615080772
0x63066be67c09d2452cd33914671ad7f96400251c,90.17133615080772
0x444cdc3618d494167f9785929e793cf1a56b52c7,90.17133615080772
0xc3d37f3e2c28672b4669ebedf7e7012eb2782ea4,90.17133615080772
0xf54e7575b9d72e13a8dfc9398308111eebae9f28,90.17133615080772
0xb2d77604d28ecbd4484065cc1e8b16b77ef5c5cc,90.17133615080772
0x99d3cacc95d087a35e559a2242402695a1f93e12,90.17133615080772
0x0039f22efb07a647557c7c5d17854cfd6d489ef3,90.17133615080772
0xff770424739a77b8990632c75ed859b74c0ef749,90.17133615080772
0xeb79ec79e69b82cf24bbb46ca3dfad86355b2738,90.17133615080772
0x0c4861b8dec21ea2d4dc1e35ccda362cd73e1047,90.17133615080769
0x9181b1b601b1fbdb8b193e19bb02f7602acdadb9,90.17133615080769
0x833ca37692e878adfad34d10c8bf211915c3f9dd,90.17133615080769
0x42ec791d92ffda99a0411616bb602b3e3bd2bd35,90.17133615080769
0xcdf45e99ba8ab11c39794cbeaba3bfffb4a6efd1,90.17133615080769
0xaa9170486ec1b1a27ad4c82a5d50f7b9c7c3086f,90.17133615080769
0x4098c501fcfe3370bd78d2f9c0798dccbcf993ea,90.17133615080769
0xe7cbf26a287a73317d31f381178b01fa5c05c209,90.17133615080769
0x466e776bb1360590d43f0a44df4507144b73d4ca,90.17133615080769
0x62c4186cdde58c08e3242c677c89ff22f3878e85,90.17133615080769
0x5ddb77c2e45d43d58f130fd4a6e7f0d52dca5679,90.17133615080769
0xc5d859d2410bf642438c21cedb07af08a5b363fd,90.17133615080769
0xc6afac0aba6322b9af2fcb18e50572e85c993ffa,90.17133615080769
0xd1edec711d5ea0b4b064b678ff4a13b2c2a5ce8b,90.17133615080769
0xcf6f40e87b0ae78e891ca4a552f24abfff733f80,90.17133615080769
0x76328440d2e9ccc4a27244b09b2b3b21ca51f896,90.17133615080769
0x3fdfeed11ffa600e3ed61f522c5fe89c1b0620b0,90.17133615080769
0xc1040696df61bcb377ab27f71644447d08aa01f5,90.17133615080769
0x8c52ec3bacde4cd7e7b6ab283b1836cc0d34b5bd,90.17133615080769
0x62d7095e1c008c6ee08b4d1b4644b4ebd304d197,90.17133615080769
0xac11719dd03db03a4ee0825fe7888b09db42c736,90.17133615080769
0x73ae21ab2f9dfcca5c1df39b1c915f77949c047c,90.17133615080769
0x81ab56fa455eb6c5c15b9b8d82bc94da7582bd88,90.17133615080769
0x5a29dbd30d41f3671afd6983d089ccad5a157f74,90.17133615080769
0x6dcaf86dc346f223f18382c4377b5c4604c364b4,90.17133615080769
0x7380ddb8a953675164dfae3374533dcf9fcc2e88,90.17133615080769
0xfa48030f5b42241ff3c3fe284766ab8b77dba08c,90.17133615080769
0x62c78992e771503648a831276fa35ac442ed4447,90.17133615080769
0xc1115a27c6abc21a72c25141374810091cf7c39f,90.17133615080769
0x96882d6f15b6470334d431da8347ee10b389f062,90.17133615080769
0xbeda3510c457b9dd50f0e61c2595fb875575651d,90.17133615080769
0x1b91fac5f83ef4f003a8406ef06987e380d74de9,90.17133615080769
0x54e19653be9d4143b08994906be0e27555e8834d,90.17133615080769
0x8d5f05270da470e015b67ab5042bdbe2d2fefb48,90.17133615080769
0x15da10cf7189f93b5062ac531ae71818be873bf6,90.17133615080769
0x7fb68b121851b7c1aa4c4de35adeeeaac337ff31,90.17133615080769
0x8d6f28e5baa8aad23305b7b9e7ad2e67388667be,90.17133615080769
0x71cd63f984ccd360623632619522edaa57969359,90.17133615080769
0x16a9f22a182bffc81a19a100da0e762b017933f8,90.17133615080769
0xf947507f9e8f373dbbbe4ff0d6919cd3ca7c5dad,90.17133615080769
0xf8ec9ed2e49badf7157bbf0ddbc820c8f03d67bb,90.17133615080769
0xbbfc910c99577c3940c3fbeda64530c9939d749e,90.17133615080769
0x8e8c5116828163e1b15b1404b95a9918753501b0,90.17133615080769
0x44c94f4dd9899c64a032bc8e1293866338438cf6,90.17133615080769
0xd70aa356a78d63357e8a24bb5d989dab637feecb,90.17133615080769
0x40bd0d56a52bd9d7dcc6978a5787b1535d8427aa,90.17133615080769
0xfb700c826c2b923748cb220db2a4a8e760e9def8,90.17133615080769
0x1d5e65a087ebc3d03a294412e46ce5d6882969f4,90.17133615080769
0x1e49a2fc4fa5efac13082b8d453897f668894548,90.17133615080769
0xfa5ec0f794d1a7b96b3ea6d8f8bd6474573db0e6,90.17133615080769
0xc8cfd988fcd1dbb09d56815c7b6da07f0fa5ca2d,90.17133615080769
0x563f254c673c3647339fc2688e44f5ba82dfc799,90.17133615080769
0xf7611deec53acbc8a589ab374b58d7cbccf59e37,90.17133615080769
0x8de85c61f8d8cc75355744f12d6d83cbdd35a7c4,90.17133615080769
0x2b383cd753f25a2ebf314f84f44120bfe92f65cd,90.17133615080769
0xf7aee6e4cad438d7ccb3599c5a2d5d694250afbc,90.17133615080769
0xd78099833dfee222d824c6260520c2d4339f6ffd,90.17133615080769
0x8ba4d6af19c3d81aa007ca9476f726896dab14d0,90.17133615080769
0x11795baeb3dd279ccb7c1b3e7cc0e5cf81299e23,90.17133615080769
0x118affd37fbdbd4599dd492df3a01a3c4c360aff,90.17133615080769
0x6a623cf036ba2a279d6a5b196397c74a67b8cd92,90.17133615080769
0x964de402afb132171371430e1a782a5e869b3a98,90.17133615080769
0xa67249226f2dd366ededc87530220f406b044430,90.17133615080769
0x11f69a22ebabdaa38aab251e27f5d04679ecd584,90.17133615080769
0x6e6e1c963f18dcddadd5d44a14720bdbb762823c,90.17133615080769
0x1bcfe4f499db23909a5ddc33d6e2d879531176ec,90.17133615080769
0x5c5df979e25b8f341b584b0d62db039e0e81cc9b,90.17133615080769
0x242914729221ebb1cc1cda5fe364616c73ceae60,90.17133615080769
0x8100e1135c3f20d9d8faa926a8b1b7eaae3b2d8e,90.17133615080769
0x7d3ede15efa145a8a3d7cede77b25cc766911f60,90.17133615080769
0x5d3a427b1e7794836ad54c297de172e90377bbc9,90.17133615080769
0x26155c3072f0b82bf04d9757e0ba58f0de16b171,90.17133615080769
0x360efd9408c74203054505018ed2fc31fb77094e,90.17133615080769
0xf7f3c83c824e8ff09736eda5875be6381b2fa486,90.17133615080769
0x08a9bc278d07ff55a344e9ed57cb57594e9ea9df,90.17133615080769
0x2117c37a65ad3c0489682386f7d81d4c6d08b3c8,90.17133615080769
0x5e055693d6fee356abe3ff5960584b839184101e,90.17133615080769
0x09790784acf6b8bfe739163f1e2157329a5544f8,90.17133615080769
0x52e30aa97dee5a04507b1fdbddb470d720512e37,90.17133615080769
0xb9b3faacd8c27bb215f879f652ed36b7180c77f6,90.17133615080769
0xe3230fcdd4b19afb36ba3e263e7a708861e13fa4,90.17133615080769
0x514976dce51e0508ab8fd96d70365f5c395d7da6,90.17133615080769
0xacc04da53c239f0fd1b7034b98ebe985609c05a1,90.17133615080769
0x459e9e7fa2631ce07a8369beeaebce0a660b9ecc,90.17133615080769
0xed3f231cee05f16db1cd97b7aac4f285f3ca5b7f,90.17133615080769
0x498d1a13459fb868555037550d362198a0ecb647,90.17133615080769
0xb4ef84247985ec4f51641261681ed01e9786b50f,90.17133615080769
0xe3cb4799dea19fafc0272a61b0aa89603554de28,90.17133615080769
0x4dd58550eb15190a5b3dfae28bb14eec181fc267,90.17133615080769
0x080c1ee5df627c56a849a04c46af1f533ee290bc,90.17133615080769
0x4359bcfdd57c84481cd30233a752c1dc0fd32f11,90.17133615080769
0xe09a675bcb683127e2554675df48bbe07f380d1e,90.17133615080769
0x4fe992e566f8a28248acc4cb401b7ffd7df959b0,90.17133615080769
0x2dec2c8c2643312f8df5be24b2d69c34b7c544bb,90.17133615080769
0x9b5cf6637d71a82758bcaaa2ae5b6efd349c2a19,90.17133615080769
0x9b430e71576c80ca852bc90a5ea672e9845aa060,90.17133615080769
0x3d00ea4b3b402fd7a8c03ffe9dae13139e28bc92,90.17133615080769
0x68df7bcdaba7641dc40b4a908ba1bdcc521d9930,90.17133615080769
0x83fd884260b40c14d44d4b508193eda8c439b688,90.17133615080769
0xae4281d74056f3975941b66daf324bb893279cf0,90.17133615080769
0x7f9f76d38dc25d631bb0103b72155fced4c36059,90.17133615080769
0x42da91be491e4101f348b9a746183dad9a6f92a2,90.17133615080769
0x67746cfc850b0632c441c9e6466d5e4d669ab401,90.17133615080769
0x13d0c61b2ada426fd8de3c47a3f2f8d2b4159af2,90.17133615080769
0x8702df5613e6bfa7c4fec3b6637dd1af55320ca2,90.17133615080769
0xafe609643934ea392b8c400db474d6419234d64c,90.17133615080769
0x746e3ad040e50ce1b2d8b06405c274a21ab8d44f,90.17133615080769
0x0a20e30d649d74afaf57b366577c312528efb9c5,90.17133615080769
0x1f427a6fcdb95a7393c58552093e10a932890fa8,90.17133615080769
0xa6db96e77ba9876eab90e0a2f98d32865fd5b780,90.17133615080769
0xcf15099e120fe07861319692d321f1d93f23567a,90.17133615080769
0x105149b1ec5fae473d73f2461b26a436eb21561a,90.17133615080769
0x7ba2ff9e6244308bf2967e5c50cb4a0e56ae84e0,90.17133615080769
0x0a5def83dc12ff5178b66a558465938b7424ee11,90.17133615080769
0xc46bbcd460b0a29ea753c6f166da4a24dd45b584,90.17133615080769
0xb609547d9a2d0fea521bb46893996c0739f3b6e9,90.17133615080769
0x78b3a256061ce71fa266c2442ed08c04a784a7dd,90.17133615080769
0x0b773cd2430fabe8b8ecd6f204605314de1d8226,90.17133615080769
0xc7e7ca618e4f2e02750e9f0d16d3b84179b8280f,90.17133615080769
0x57d1860364d87caaab228bfbbdafee59c44e4226,90.17133615080769
0xa4cfca09d930c6634f074ca6bea7ec69c0625037,90.17133615080769
0x50f5da9442f3d3338010a5a3f20f1bd665039573,90.17133615080769
0x7777238023ba22d86266a5fe43d0b6e17d05d2c5,90.17133615080769
0x43c6cd89c15ef3cc4471db8034b808a12b72a65c,90.17133615080769
0x51b9d5d8b4c1b86f4dae48336bb89c7843b93dd0,90.17133615080769
0xec27a708609a17e14c8fc52e9138baf8f29b45f0,90.17133615080769
0x3133aa140c399dbb742f0c990e222029d4277867,90.17133615080769
0xf334ca06fc59d6bb0ec937e87e6ed59ff7ee8017,90.17133615080769
0xc7f617bfbe2bdd0d113e77a5959e2b5bb5619846,90.17133615080769
0x745869e92b46c5a4b959d5432ecc05a0b87d911a,90.17133615079037
0xd18001f022154654149ed45888c9c29def6d3ce6,90.17133615078528
0x4ccc24e45a5c233b6919071b14f649e56ac99366,90.17133614974185
0xb681dc9bb4995f8521359bd6224c280c45c0b189,90.171336149708
0x2b995eb8137a184ec07c5d18c92038441b83b55f,90.17133614406049
0x012916ed48b20433b698cb32b488e52c639a2a66,90.17133613044986
0x8792f37ed02088f58f3eef6a56acd9ccd444ea79,90.17133607903787
0x48dec29c6f8a2069a30e5c03f9238c139e1db2a7,90.17133605878242
0xf5276a7166cfda0d68b257e27c7c8bb2e5852e91,90.17127408114308
0xf0d612fa114f606d933f34c8483a5be2bf5d32e8,90.17127365345031
0xa9e5c25af507aaa3ee7c4c625f9ed17423b42f4c,90.17127182694676
0x033b15d793f9b46ec35745d59c55ad622d33d0e2,90.17123007472071
0x620b492066ffbec50db80792b631493db4097a30,90.17122423582717
0x975793c7a6a077221aca4e4fb9b7f9a46378463a,90.15675205013181
0x60d716fec3e25a00c15eddeae424a7b96daca4b8,89.5164896614777
0xf3ee72aafa5561328e53e9eaa4fd7172bff88213,89.51609587524865
0x04eaf3d23f53ce8d83f42920e41da04f4abfa6ad,89.51609298449422
0xc1c0d22af2c6fedb124e770bd8947c4544e57d08,89.51609268969031
0x14f72993ce927c271066484839b2ccf00b457609,89.51609229210139
0xb2418bc58f7e64e68710886be718f5c2adcd0df1,89.51609229195819
0x7c4a909da802a74d83a381b157fe773ff3a67177,89.51609192601477
0xb1ace008d17bec6c9209d5e3e32d04c8e46f29ce,89.51609190821367
0xef77cc3b63c41ee8260c1a7f7b866ca99837c5c4,89.51609190003641
0x21bcfe54940111e0df21a9401104560fbc39f747,89.51609190003641
0x2ca5ceb0f3d4b37849e5be74f31f00baf2246470,89.51609189964701
0x03ff24ae9003dcb5bd4de6aa8a5a8a8808927024,89.51609189512946
0xbdc781956cfce0c295f39b272710dc579d6e119b,89.5160918948711
0xe37a0f84ab1187822808b2282732a84ec2c85f45,89.51609189459269
0x178ca4511cb15bedf58eed96cdea2bead2f414e6,89.51609189459268
0xfc94a7b0ab7424994fe6fd2140383658f8414598,89.51609189444808
0x49d4d7504981c06758c05262f656d9d4184d3df1,89.51609189435071
0x350572290ccce74888a0d6f5f8ecf6cff6acbd91,89.51609189431178
0x682487b46158307a0b9ca4be79fe123dccacd0a7,89.51609189431178
0x35764db9d69d798695eb6517884188408f989cae,89.51609189430788
0x959005528fef83331a9d3767cf96c61b06a7954e,89.51609189429232
0xfcc7f214e0dacded9bc64369db8ae108b14f7899,89.51609189429232
0x3df3166385696b8171b3eb31587149d99931040d,89.51609189428453
0x453de8691e438b21be90cb587672ffc0492c83fa,89.51609189427444
0x48249f70e588419fcab6849eef944070a0d0cea0,89.51609189427285
0x9312939b04c7cda46203e3fe1f520ace8cbd2ba9,89.51609189427285
0x70e439584ef1ba300106b9c16543eaa1de676dc2,89.51609189426449
0xcdd3f6bd98dda0d79ad6b2a67258f6de4f402e69,89.51609189425332
0x440a331b50045c0b31bac725860dc009f6686ee9,89.51609189423468
0x18942fd6609ff2a38cdd9f809ad41ccad1c07775,89.51609189423468
0x1d54caf545714f3cf9c56d62ddf43cf943a86761,89.5160918942339
0xb56dadae937a84c19fc8c19c21444e242dd52177,89.51609189423385
0x8272612fb64465638ebec1666966697e57f81b6f,89.51609189423385
0x43246191a2582dd9e9e20b1a411cf5fad901ce0e,89.51609189422246
0x96e8b5432b5e3f2f37a62354a4f68b33a51fdd73,89.51609189421478
0xa57c2dae4b582bca80111a4a25585be0c3bc2365,89.51609189419891
0x70ddd33089a6c52fdc1723ab62933873f8838b58,89.51609189419888
0x53d6482610eb4caedbba48ef4559a5a9ad4266a0,89.51609189419885
0xa660123e8bdce9511d2071596a34c8eb585b25ff,89.51609189419885
0xdb067d8341fa0090c05f7f1a7732b08ed38bf6d5,89.51609189419723
0x2761654ce317778d796d58e5f1c6d560aa201986,89.5160918941969
0x307819e8aeca973e29015b30df917fe74099853c,89.51609189419666
0x8d345efed3042807bfc5f70a1d310ae8859a6508,89.51609189419644
0xdd709cae362972cb3b92dcead77127f7b8d58202,89.51609189419639
0xa78c738140a8734f68c8656921170d4b0d59854d,89.51609189419615
0x6d4e0594ba4857ca2b0699c0ef25b37664fddd55,89.51609189419608
0xc4a86911e3a9ced6dd0f5d2544bd8ea01d780a80,89.51609189419588
0xf7a8f04c7fe7c8a6ed692bdf5ee1658559cbe7dc,89.51609189419575
0xb7ae0da6e536ca618a07a1e42a005acd430790c8,89.51609189419565
0x042fe0ef9f83a2953e5e4f4057f1a75335a3ca12,89.51609189419548
0x10b26700b0a2d3f5ef12fa250aba818ee3b43bf4,89.51609189419548
0x000f7f22bfc28d940d4b68e13213ab17cf107790,89.51609189419544
0x0c8f904694c9017270e5915a399f96185b6dc47f,89.5160918941954
0x6f1cffcb8a199602b26965fabe278ef178774942,89.51609189419528
0xf145d905a0705b7d61f103a997cc4d8b14a92ae1,89.51609189419528
0xe5da040d1d4455fc55bab6721b1db2bc7a0a1369,89.51609189419528
0xef3823653acb57278f67e2c754745a2cbe39063c,89.51609189419528
0xaff6bceded11d06b5f554d58d4ab3525fac0284b,89.51609189419524
0x6429fee053768ffa90a59cafb98ca9e8f6471211,89.5160918941952
0x574104b8889d85dd36071e8252ecf71de97f3838,89.51609189419509
0xfc871330dabea57b9a3c99843447dc8cd766afe8,89.51609189419509
0xa95b9f12fc4309fff1133598f2d141ab4edd51ee,89.516091894195
0x3e55c1c091e3a15cda8b0526438659974bff9fcd,89.516091894195
0x35bf9ab7e18cce22c4574cec0710fbb3c57d8fd3,89.516091894195
0xfd1231ff9cec0d88bee940daacdb1f47b6be1c45,89.516091894195
0xc49b6c714feaf22b12eb02a01521dab6edd1fcbd,89.516091894195
0x1b191c24b173279414e3d922b7294e009704830c,89.516091894195
0x17ea92d6ffbaa1c7f6b117c1e9d0c88abdc8b84c,89.51609189419497
0x89c4cdacadd16dd7fa209847a7c86a076cddacab,89.51609189419497
0x6cfac3cf77a359d7ce28c14f2d53de48981e0f04,89.51609189419497
0x4426023bbeac104ea9f6f816c979f4e39c174957,89.51609189419494
0xf2596fdbb91f5050773290ceda9620c010f0a570,89.51609189419494
0x21a8b48bef6d9a194b0d44d22414e4896c6ae72e,89.51609189419493
0xe361f146c13eea53d54510fb45e1dccb53e70aa6,89.51609189419493
0x29c7b44e0584624c1e877d3ee0856520e2851ba6,89.51609189419493
0x4677c06757a2059c7b750fd5b59c2e65bf1851b3,89.51609189419493
0xffe26da137f0dc329517c1a59dc3f09cb61d5892,89.51609189419493
0x9c12b674a1202dddcc2989ec13331c26f7a98167,89.51609189419493
0x8ca4fa9d6f8f5d4f2a0738ae47bfcd7d7c68946a,89.51609189419493
0x4d4c9865e2ee09a0bff037e6caa86b5bce3e4c1c,89.51609189419493
0x2a62253e49e0f0224a6da25fc2a15beecad8d065,89.51609189419493
0x99c3e004363e650718273dcf9d0ca74bc4348932,89.51609189419493
0xe05e81f1599dc3cc77feed24bd205cb8f65ce9f7,89.51609189419493
0x6e45207a627a850179b34f500a277e8f0636cc88,89.51609189419493
0x21d4109baab9aab379cacf2d121357ada958570d,89.51609189419493
0x07ad9c267e14f6fa18b6554976731568a76dbd6d,89.5160918941949
0x7fe1319b93d805a7c61f2e2f5a4bfeaa0f5e8ba4,89.5160918941949
0xdb38f244a904eb5dec12ee3d3b40196fa40fb662,89.5160918941949
0xdd0d3cfe9d9b550c4ee79a8f29ba57494c25e352,89.5160918941949
0x4a7654371b2c23584b5329439e3e3f8d2a3ee1ed,89.5160918941949
0x4fd693f57e63714591a07a73a4d7ad84e5ccde10,89.5160918941949
0x41e06931e14c09ab705a3fac97d0f865096f1fe9,89.5160918941949
0x938728abc0bd173b8a4f07813810e224a5c3c166,89.5160918941949
0x3b007267adb69280e807c4b702ccb7c258b74524,89.5160918941949
0xdd48989442b8def218c141d0072164d4e611a8c7,89.5160918941949
0x0a3bfd31570df77c243379606ef1fca7ddd2ec74,89.5160918941949
0x0a5abc4eef196994abb9cd34fa8fe9229ce53e4f,89.5160918941949
0xd26bafe6649054525e6e882d14602743467123f6,89.5160918941949
0x93df7b92e4591a6c9806547d327911e601e84ff1,89.5160918941949
0x3e34819845d886de687c59f7ad64426184f29c3e,89.5160918941949
0x07409cfa9a89155e1db2affc5f501db9928c4b83,89.5160918941949
0x1a126200b3adb886aa61b1aef5127fbc2b3d6fa1,89.5160918941949
0x6c83e061f7b576f11e6f7e9b51b1530b2d0ab7b2,89.5160918941949
0xd27d90b337717fd91c4d409f712b890d4ee2fdd6,89.5160918941949
0x947e347e899f74a2c3501297d1886f8bcd3ee3df,89.5160918941949
0x3085db43d77496b378811df52552a65d181efe1e,89.5160918941949
0x238bb34637cdf4712e37e49e0a36545cd9c98686,89.5160918941949
0x34e4c8cbe7f632da5b0ba74a12c37b14e66c312e,89.5160918941949
0xe88bbba22b5703ebebbe292275f0f03a907a49ed,89.5160918941949
0x5607eebaf4d9d0b18893d75cbcfecb0b3737bc3f,89.5160918941949
0x2016e0f2b8c54eba03b6d782d2cc1c3ab8c43728,89.5160918941949
0x56d492a5bc9ad283342a9bb1c8b234cb349978f9,89.5160918941949
0x6a1dfa6d788174163bcce76bb7f053c1fd66bd9b,89.5160918941949
0xab2ce223111bd3618a5ace9193e0e1cb88c267d2,89.5160918941949
0x6ba7764bba836b26e40047dbd99bed0a5bab3169,89.5160918941949
0x6b415b39a3656d5ca440aa5088cc1d363676b8e0,89.5160918941949
0x94da43c587c515ad30ea86a208603a7586d2c25f,89.5160918941949
0xfd2a4bb21e1419598f65407b6d5ae8a19eaec014,89.5160918941949
0x13c45bc995f054c817c13d4e4e3a6a24b706b827,89.5160918941949
0xcbad60962e7f13f30f1890f6e40274e40f8095e6,89.5160918941949
0x13f5617656843de07fea3a605e620ec535ed52be,89.5160918941949
0x56acab082ddfc2b324d5025eebf6b39dbffbbb0c,89.5160918941949
0x17769093721bdc8ed261bc1e583cd078c6375b4c,89.5160918941949
0x90b1bf41a7240aa6bcb4e891062d6287a1901c3d,89.5160918941949
0xc299696bf5a4b212241bd0fedf2e8fb0574ec293,89.5160918941949
0x1220e8d0b63b2bff230e71f11a686d1d6c63bedc,89.5160918941949
0x27c11b31ea0db2c5d013fc0748ba4b2544fdf2ff,89.5160918941949
0xcde850e02a5d1ebedb5e1d2b177af8770354fdb7,89.5160918941949
0xc364a7944b6c5fef5283ad17f47024a917a804af,89.5160918941949
0xe69f060f8ccc26a0885298406a15970ae55e5b25,89.5160918941949
0x35e2acd3f46b13151bc941daa44785a38f3bd97a,89.5160918941949
0x629b3d951c52f5f9797e2e5621dfdf57acceedbb,89.5160918941949
0x42306ef5cc41b50f4298aca1f48a6fa38c55c5f6,89.5160918941949
0x03a86468416c372993527698331f0803302bf96b,89.5160918941949
0x667ba11fc99b9028c023217d27dcc7c82568067c,89.5160918941949
0x00221460aebc81dbc71fc2a668277ecb35bac502,89.5160918941949
0x7059e6023a8d649205af43b0657daeec2e2ab5ec,89.5160918941949
0x5accbad264165fdb4a3ec7462b4cf5b4ea4ae28e,89.5160918941949
0x0cc4fadcb9656aed35f58ee2b6cc12b07f039558,89.5160918941949
0x5964c8b9cdda94ca0a73bc148bb33043e10624c4,89.5160918941949
0x66f932ad6d530603ca9c95aaa9ed6348cbbf018e,89.5160918941949
0xc4d47fd88de592eea087ed2092dc1d979ace23ae,89.5160918941949
0x4480a7f91c252d4ee60ca0d033f8d9913430e4a2,89.5160918941949
0x0e96c748bd06ede1ca058e964a14544cd51e8125,89.5160918941949
0xe8e1874958cecc8c4f45149cc3ecdfa83785a930,89.5160918941949
0x065cb5d18f0d3f9ad2923d9e07e9f68d6e65da78,89.5160918941949
0xac8f599d034d646966f8246bd7cd70a63acd4d66,89.5160918941949
0xa0d993c55dcf9c962cb3830fd8157cc9e0ca0c1d,89.5160918941949
0x249b4c45fb7e6f7f9cd0fb0177b1333e7e33d747,89.5160918941949
0x965a1700ff7a87c6f05fb5a6712df5d87eba4851,89.5160918941949
0xacc7f22e4b3fabb75ba03af20bc100123332ae83,89.5160918941949
0x2b10e1970ba95c27c6fe3d496dd5d624a1e68d56,89.5160918941949
0x2bb9800828146bdae16e330cabeb5245d8d810c9,89.5160918941949
0xfddc7e83ea04b77e2192c9082f6c6b3c2216e760,89.5160918941949
0x2cd0861e1c3ab61ad2d4c1921164ab63370d6d84,89.5160918941949
0x2e69b51f93bf81558a0eccb2239bf66024266d94,89.5160918941949
0xdabbeb81d83ff9c2a83e4df1f716e994b30b47fa,89.5160918941949
0x51d2576f6d0ad881e86c3cc304e1e22a4b9a5652,89.5160918941949
0xde1e8b474efc2cf941c1e5d85fdda706c41560af,89.5160918941949
0x750a31fa07184caf87b6cce251d2f0d7928badde,89.5160918941949
0x9ff84b91998df96a6587db8dde8d4e47518107d6,89.5160918941949
0x8f3683a45c4c8a08ff139f95bf53d8278a490faa,89.5160918941949
0xafa21daa53e8e3d3c42eba74328ae84633e2a924,89.5160918941949
0x679623dc5cda1146c7135550d44d2e8edfcb7a77,89.5160918941949
0xca5287d4d31f04c1b62a2e5ffca793b1920abef8,89.5160918941949
0x1d30494f572ece07b13b0460bbe83cb1cee960e7,89.5160918941949
0x1e97f828eb92652fab0159b17f841f8cacf1ca0b,89.5160918941949
0x6dc30a42c431f58787a139ba2ec4543752fb1395,89.5160918941949
0x95f381f0adc577286d1c98278235d2f76f162c95,89.5160918941949
0xcac0f5d9bfdb6ee9f2d08db35dd888c0c34d6090,89.5160918941949
0x416e0c10a3760a35f1891455f30e415e96fbd779,89.5160918941949
0x521b0fef9cdcf250abaf8e7bc798cbe13fa98692,89.5160918941949
0x214e612ea50f2b38285e7d3a1aa429183f2f4a06,89.5160918941949
0x756062ca46feeb360f27765470982d08aebe0e63,89.5160918941949
0x1d6294cbe899a3263f949090aafb2c2f08ca47b3,89.5160918941949
0x56171a18f01f98788dc39802322cbf10a36d120f,89.5160918941949
0x2e6707236c5311030b66215367695c8616a553d5,89.5160918941949
0x0524c91701fcc461c90b3120769b5f295f706a16,89.5160918941949
0xd48fd2f76c4a79f563224fbf72e007aeb1215e7e,89.5160918941949
0x8ef586f7cc327d3e0e29cf6fd7d01af3569390b0,89.5160918941949
0x1d990a3f5f757a06b8afd64e97f9351a1a11f9b6,89.5160918941949
0x6ea17cbf58bb92adff6cbaa93529f90f255a7654,89.5160918941949
0x09a2405a077295e6f75901526f26c162346c1d96,89.5160918941949
0xa3ef176f436debe226374158b7dfaa439c78c5d8,89.5160918941949
0x4deb64dd67df8f346b9fa26dd389e96405c3a3f1,89.5160918941949
0xdbf49312581873a1d8abaa73787856c377627d70,89.5160918941949
0x261e5109cdf22f46a7d0acb1b0df04bd47e897a8,89.5160918941949
0x33360e8c8b7494d75d452bfccb85382f25dc71b8,89.5160918941949
0x564c74be2e2a0df287bffaf28624525459e4a2ab,89.5160918941949
0x9a0794de6ee2984d33d0a0a7b263be640207c116,89.5160918941949
0x20e3929e2335ab54637a4e19ee32cdd8543671b6,89.5160918941949
0xf5459ff593b28721fbcd512172088c2e5f4731dc,89.5160918941949
0x33bd3691a3f51228f661c35538ea7a5dee332265,89.5160918941949
0x43e7a4d0a4e0fbe4d5becfefed9650d71bcb12e0,89.5160918941949
0x809a4c8d088a8ace4d917fd476617a857edd3f58,89.5160918941949
0x4b00a17a8a4c7dc2f71777207b1c1bd6c132d394,89.5160918941949
0x24692cfd74e5f0caa8e21a1a8ef2f9aa95ab5541,89.5160918941949
0x33dfb569336a97d676fbab1e53e50d619a06cf9a,89.5160918941949
0x0ad82809168be581d1e708457b4a45b0bb311632,89.5160918941949
0x5d07a2fd6bd208fcba0fd0513bbaf6ec2730af40,89.5160918941949
0xa9ed59f14903aa3409fd6765d053f186ac4d01ef,89.5160918941949
0xf826c9483f92b261cd5dff796c1f339cee418972,89.5160918941949
0x448b64c541e06fbda1136b8f1ebcd696e95fee82,89.5160918941949
0xd25fce1251fa2a4e364850e08b6a472db03f0050,89.5160918941949
0xd2ec49dddbdb1f0f839b15088b0fe26fb7969d70,89.5160918941949
0x4e8fec144a5da08b59d6cda33de1334199cbce10,89.5160918941949
0x832fe2858959a92ab67276960d3dbd4497094622,89.5160918941949
0xf5eef5722742770ef62c8ca8e48144209d863ced,89.5160918941949
0xbbc7ebf270535fcc2710870ebc7e3edb4d779523,89.5160918941949
0x4f28ce380aa718310700f673d96e8eeb8b679856,89.5160918941949
0xc1be3b2abb4429d6fc1a79da6c7fda0e1e43cc84,89.5160918941949
0xec5f9994ebe1bdeaa009cb0a3e984c5c55bf3fdd,89.5160918941949
0xf17cc1ed79f2c07eb976323603c18a6a9b7370b8,89.5160918941949
0x38b7334d117b971dd45b417b847f8434f05f3014,89.5160918941949
0x38abe551ca17597511c1d2835577f6829d1ca3d0,89.5160918941949
0x5ee058fc3e86ea6e999b034dfbfb8040ae9a4163,89.5160918941949
0x31a5eefef057ad79b49e0e803e2cf3f9760dde7d,89.5160918941949
0xc23a473089987bdeaf847f0e2c90126dde22e36b,89.5160918941949
0xc2842a7653b9c2272f424a18dff468c32d1f874d,89.5160918941949
0xc35e365c969a71bbc6cabe068d5abb1a3cf470ea,89.5160918941949
0xcc0d65e83eb589875c8dbe279809a47dd1c32859,89.5160918941949
0xc6c9d802bc16d8746aafcac4781f9a8d442d585d,89.5160918941949
0x03c322db3f0d92ccdf6f8b6effd4031c94bed1ab,89.5160918941949
0xb2f7769bc5a34a2abb88969190e65d5c9b4b4957,89.5160918941949
0xc6a50a5753a2a73e15c80dbefbfcfffb77d0a6f5,89.5160918941949
0xc8e764dd559e3a6e0a433450a33dbbce83bc52d4,89.5160918941949
0x8c92aaab4b2da8e4b9e8c165d69a42342827f287,89.5160918941949
0x0ceaa81ecab7ba8643c96f9957eabf9a241cee39,89.5160918941949
0x561ada4b0243f1d83df80d1653e9f76e84128b0b,89.5160918941949
0x605039b0a8b136dbd798a888ed7e08efcbc89c31,89.5160918941949
0xd42a1fe1067c94d055153509e15edfc23c3913ff,89.5160918941949
0xf3c5b61052f5134bb8d1cb51fda576494f222361,89.5160918941949
0xbf317c99cb699fb24a2bf93347ef08f616245346,89.5160918941949
0xe185699f712984cacd47373b53b446d9b6723edb,89.5160918941949
0x868d552223b018acd4caa1f744c41ec6405de78a,89.5160918941949
0x4cdb6d043b945dfd9d33946787326c2f2dae93cd,89.5160918941949
0xa23cf56b1b32279ebecb74eb8cd513e0457a83cc,89.5160918941949
0xe4df49b9699132d4a633b609ca62183c66892e61,89.5160918941949
0xe981b81455073046c8375f1cbf253e14e64b6074,89.5160918941949
0x85591bfabb18be044fa98d72f7093469c588483c,89.5160918941949
0xf4cee39db6a371e23b11a5aed9884dc29c931cdf,89.5160918941949
0xa486f09bfcf38735a9572958aa164692286652fd,89.5160918941949
0xefe0d70e7b26ee79a0589307948179e08e8bed0e,89.5160918941949
0xbedddaea444c692b98e70b47e9473be25e3e6286,89.5160918941949
0x4bfc7f72b5fac39a48107436b8d0c1bb128de348,89.5160918941949
0xea6f24d7f456c4c1d6c99cd51aa7bb5277f5042f,89.5160918941949
0x061d2853f7e08121697ba38e91300ac76693528c,89.5160918941949
0x490cda8765723f46f8b88838557810590c9def99,89.5160918941949
0x369987decd26db2b72c1218ea6692b79fde04d24,89.5160918941949
0xeb7b67d41180d0dff5f04e4d9c85e25345d72ac9,89.5160918941949
0x495bb5bc6eae79f88f91cc8a9a564836fa692cb8,89.5160918941949
0xebaf35fccf9869d693173a14594818de879a834a,89.5160918941949
0xf4c1d56c3f7dc644f1b7d1fe6bd94a5f21f3e64e,89.5160918941949
0x56dc6032367b75f663e0da1024b608bbf9b0c47d,89.5160918941949
0xbcf020ef3a99260a487819428d7a0d4b26a95560,89.5160918941949
0xa449d09f28a86044c1038f516f6b645a2af8a073,89.5160918941949
0xbbd537b41a7eaaff26cc8bb4fd9035a4ea210efd,89.5160918941949
0x5b0140ff080e2aec746bda84d3f9c11aaa6239b8,89.5160918941949
0xf38c5cff3ef7040b5835d32f58e03f849beb4486,89.5160918941949
0x4569c1ab9c4fc9b29cfbaddad569e89d5a202f3d,89.5160918941949
0xb3d381c886f47bd2c091ae7c785229aaf140b0e9,89.5160918941949
0x7905e1303ff125ca4625daf4bf17ac0d26bf53d2,89.5160918941949
0x52ef807c2ad0f3ac3e539269ee5f8ca8ecbb6c5c,89.5160918941949
0xa416b55fba638846392482f44af3e35435652995,89.5160918941949
0x5fd6ae118a0f7dca1a5265016f655bb55d626e29,89.5160918941949
0x7d5bec15de5378e31040b9fded942c3f18066586,89.5160918941949
0x5b6669e642101c307bb67dfe98e0df9222d281b6,89.5160918941949
0xf23eec0abbdefd5d7550fc20bbce12f6692a7aa7,89.5160918941949
0x358b532b553aa29eb0295ad72fa2c1ff528c8c82,89.5160918941949
0xd57153eb06d16bf1a0c555974af38714249af3c5,89.5160918941949
0xf665f2ed351696817898fe0ace20c5c1bc3c5796,89.5160918941949
0xdb33e85224b11765eb1f1dd81c3af181ae975962,89.5160918941949
0xdce2d511647a7013214ed96b2d633ad76b5933d4,89.5160918941949
0x0300f68f3c30e4655650d99c845a95e39875b75f,89.5160918941949
0x04c1cef0dd799ce1dc541febf4d0cbe290402d28,89.5160918941949
0x04fbdc391896e6ea4113af66b3fb91293da723d5,89.5160918941949
0x52a77dcf83cf38f62f6857bb01c5c3c8ae11f4af,89.5160918941949
0x9b346c63b432651269289b37940f750e21a8145f,89.5160918941949
0xc1719f276d0eccb367e058e717b9f98b844b2db7,89.5160918941949
0x0eb0e2eaaea05d3496fe9f283fdab2734e57f40a,89.5160918941949
0xbd893b2b1d0c9cbd25ee75064bd5c0a612bcd730,89.5160918941949
0x9c056445c0cfc3b787fd677defbc91bb4fa9290b,89.5160918941949
0x8fc16ce4b7df6535106f0d279add71ea1f0eb35b,89.5160918941949
0x931b36a3aba416f42c0e1dd2c0a481124afa36a3,89.5160918941949
0x2240177a4a913d94661d9f4a4ab54b97e1a69438,89.5160918941949
0xcd606da203eb3aeca5f8e0a19fbcc08e65e8ddd7,89.5160918941949
0xb577dda31637a3e7eee81a36641bed9cbb0ea6fb,89.5160918941949
0x15185a07a4f42cf3b39b6d143ac485f15a695d84,89.5160918941949
0x0085d428ac99c42b30cb38373b1c233846891c9a,89.5160918941949
0x8cd7c0cafbd36d17e034497c0b472e28ecc970d3,89.5160918941949
0x223ff7cdda3c230a28b684dd51c15ef250086e53,89.5160918941949
0x8d8e8d40d12f7d95d5ff22f78ef152875a83b868,89.5160918941949
0x0d533ffaa4f930d97710776524ba463fe482c4f7,89.5160918941949
0x63101058556d9674b1bd55d408a3dc4113bc65ac,89.5160918941949
0x73d36284645a71c94543fcf830e9f5535fc31905,89.5160918941949
0x9f4fdb0a707ee336118b73cfc97ec5a453ee9117,89.5160918941949
0xcb9c45d5557dc15800a4ba21ee653951a589fb90,89.5160918941949
0x962d86a8c1170b3a9ffc73bbe77dad96f2883e8e,89.5160918941949
0xf7578261fadde7d9ad665dcb5c3b9d0047370037,89.5160918941949
0x292e3e938b46c2338aabf87849631352f99d267a,89.5160918941949
0xa393152d879b9cccb6e4d1801475ad64f1d3138b,89.5160918941949
0x5461c09d7b61e4beffcd782dc333f102ed7f6e24,89.5160918941949
0xa5d224b43eab837aa2ee9c6ed727f1613f301a5e,89.5160918941949
0xac748828b907a98f7afd40ab0eea451953d91285,89.5160918941949
0x1a823aded4f99b91d32719623ff88b1497a63811,89.5160918941949
0x8de3c79efb0a3bae779e2cc5b6f5023913fca547,89.5160918941949
0x4e6525eea1c86e136eb674101fe16e62f8f842a1,89.5160918941949
0x6ae1de6f3572488064019bd052e12389c47651d2,89.5160918941949
0x8102403bda5db8f289a98fb2e09f67c0dc1b6579,89.5160918941949
0x5c67a6832cb05d366c5aa010200ad83f6613dee2,89.5160918941949
0x82fac0213c174b2c37cd1b78b88d00841801a5f7,89.5160918941949
0x711c37825f1a12a23573c96f511f9aadb8032203,89.5160918941949
0x3b65216e13db79a863823f637c6c429e89d72c22,89.5160918941949
0x2d0b80e668c4ab4f90a912eb21cf292175f64838,89.5160918941949
0x69ca0e5712d7de4bb92d0377040594b965ab22c3,89.5160918941949
0x84e94f8032b3f9fec34ee05f192ad57003337988,89.5160918941949
0xd33351c68a6e8dfd6982cb35661ff615975854d3,89.5160918941949
0x007a65795aea058d7b7e8d33c6e954f8bac533cb,89.5160918941949
0xfb4cff6bb42bcbdf0a225f3751b9d0a436c94fa2,89.5160918941949
0x3dbae20aaadb517e4a4332444a3b502955203d6c,89.5160918941949
0xf283e4824a9c89ae241d476265e4ab1bd91100e3,89.5160918941949
0x16fef600337e3b6b0d74dd13ea28d61fc84178fe,89.5160918941949
0x8a6ad6dd70acba5f90acbfd094ea930099b48071,89.5160918941949
0x8d9b5002ef100bb02126a82aaa88e20975c95f5c,89.5160918941949
0x8dd41a3face30317512d2b13da238ac850978ac9,89.5160918941949
0x1238b65555ebc62a386e54f7a4bfb84fe7d82a14,89.5160918941949
0x3f8bad96d742a08d24a4317ce6a9324bcaaef7c6,89.5160918941949
0x1216bc366cfd938d24f89e2a079539f4d66062fb,89.5160918941949
0x5134b9d033851f640d02340247d66b957d36e523,89.5160918941949
0x8b108b89ea05226c9d12823f5d040825e267d056,89.5160918941949
0xfecb1969c3d333a23d2e77c295a5e1854603a0be,89.5160918941949
0x8acdaed8cdb1d9e4c298cbda2352c4404d49db4f,89.5160918941949
0x4c791f9539bfe0ac7de517b17ec489f01c52477a,89.5160918941949
0xfea876e063eec457541fe1576b5cf06837a4c053,89.5160918941949
0xb0534dc2c6c790e1e203c1c25da50ed3d0814cba,89.5160918941949
0x019b20c73bdf1af8fe23680a11cff427298f1567,89.5160918941949
0xe6c0353e8b6ce79814bba28c0eeb08c0268dec45,89.5160918941949
0xb716551d82e1a9d9cd3d1bd95c91d83265a47ef7,89.5160918941949
0x6147eda90209e9c868e22659954edfd6f8c26626,89.5160918941949
0xbc82ffebbc8b0241872d73b6b76747f9cc415e3f,89.5160918941949
0x0fc9bb8955c31bd2cb381db93512a348a284b32a,89.5160918941949
0x55710aa3bb05b611fcf16d02e28cc35beb89bae7,89.5160918941949
0xbd48939cccd34f006b049b26bba34a68e918ec5d,89.5160918941949
0xaaca1560b7eb957f4c90e88803a6da29480d8325,89.5160918941949
0xfa681ac80bea82240170195abf74ac761a2642f7,89.5160918941949
0xbc52cdf9c928e9f3a6aba12f64b20db029623481,89.5160918941949
0x60b2e024283f8b89fd2c581ca7a240cb7becae88,89.5160918941949
0x018f2071db8b2ccdfa713984b01a6c3b7d758024,89.5160918941949
0xf9f02eb35cc9f22a69daa26be2b1a57e3ab4bd53,89.5160918941949
0x9ba6a2ee33bf0e65c2b4e43acdfd73ffff033100,89.5160918941949
0x8937424cbde66c06eb3bf3f3e859349c9d730231,89.5160918941949
0x287b08d75a480a2ea156977f89c3c94a4e0430a2,89.5160918941949
0x0db5e7924d87d2ec27876882e7af911a58050dd1,89.5160918941949
0x9c57714a1ef0a67c7bfb04c6d981fe3b076b9bcb,89.5160918941949
0xf7e2f5986479bb7c55b3fa87912f83dadef3461a,89.5160918941949
0x533f5e76693a4dc5c7a852faaea0a42d162e9be1,89.5160918941949
0xc9f40bee6c7eaa45ca60354e0c66e1661d48ac83,89.5160918941949
0xca344178ff4d740c7227f97c56575c4879d3669c,89.5160918941949
0xf970ad270abacf305057f44db6e1524f8f18f937,89.5160918941949
0xf82a7ed939c9349641521da817a8e41b9af609ea,89.5160918941949
0xbd0310dcb5678a02a6268526cce1c907e674ba8e,89.5160918941949
0xeb84a5583d42165580c8ea94cc4ae70e4d6bc09e,89.5160918941949
0x87b0cfe152d332478f01f68bea85372901b33a57,89.5160918941949
0x53124d6b605aecae1e9350200fd35d74420d49bf,89.5160918941949
0x49fc2a3e651e6a73c84b6cacc8280f5789ee8467,89.51609189308155
0xdfea5ec1c067ec179ba05e27068f4aaea631a6fb,89.51609189244995
0xdda734eb604ed67e3b17b5bce062e9df43ffa75c,89.51609188764954
0xbb2b697bd7d6928e51c8033a675a6cabc29e6025,89.51609183384606
0x3e659121bd0649eccb7825069fd1c8c17c306daa,89.51609174512066
0xef034eaab7e403e091cb9d1f3d1e6a0411c27f88,89.51609086992678
0xd56a5abac0c320b7c04b298d72587df64c59bab1,89.51607471384949
0x5853ed4f26a3fcea565b3fbc698bb19cdf6deb85,89.51606391808403
0x657e21723ae99c05c9c2a6032343c7865bcb1940,89.51605681339753
0x7d714a30b7f7f688dfa81f4f1d8bf605ccd083a7,89.51603391471879
0xc05ed3229781d95f907e2cdfe503ed2f80c0fda6,89.51603127928806
0x8f9e6102c4525d49d4cc1b8da33e8025f513d95e,89.51603127928806
0xa1c86fa431f0462e86826d7a971b70cc7b92dc72,89.51602885469178
0xd7b67fbb789b24d63c3131186dbe2b2b0343ac3a,89.51602698507209
0xaa4b1f055761ef34fa691703eea581cfcc66201b,89.5160265607643
0xe81500ffd247b567fe453591e55794aceb4fe0f9,89.51602643414206
0xc873ced543ef96a3094385f28dca80d3cb94621d,89.51602641888073
0xcca825a6ec142cd9a5912463519b79465a734024,89.51602279320109
0x9424bfc9f19d2c40d79ca20094a7da9d4024c44b,89.51601915630668
0x1e0fdeee3d580105dd8dfee82ccc4bc28ac3ffb9,89.51599947146563
0x09f8b3c1831ff409d9ab5035aa08a5e2cd2e13e1,89.5159983047787
0x30776f083ba8a070ef2cddc0e0258a74447d4efa,89.51599160407629
0xdd1c352901b41f00dda047ff63c21bc6133d5601,89.51591494120369
0x372140e9705d6b6f1cf76c28d103637b01e804d9,89.51312313081036
0x9073b943c749b85e83390c18cd45df85dcd2e9cc,89.50675848691368
0x51a33a5bba82f8ebd0fe2192a25ca2e60b9dc32f,89.50614503807596
0xd166575ea55b934819d58729e68738124b8f6354,89.48162215441847
0x26a6dc267e276fded7b40251c8fc08b1b40df367,89.47274099820282
0x1e1077a14c6163f4887617dabc4cf1d751a379a4,89.4494094351704
0xea9f3c44f4fc7d6fa2385bcf432483b4947619f0,88.86084863195357
0xe3554e132359424aba304c7cb222bbd65a8988bd,88.86084765150332
0x9e1ebf38aaabfdfcaa5b880a136a06fa6ee4ec57,88.8608476495146
0x2d5c4f5b466362f9129a8d34916c49d0e8332e98,88.8608476415596
0x862f683e3fac5fbc5fca583b93a84cad0651560f,88.86084764053653
0xc5c42e12b0cfbda004875cbb708c7d6c76d9e00c,88.86084763817873
0x75b055f1887e5efcabe8de61eeb0e3132ec7d128,88.86084763797987
0x3fdd7f4f7a8f02a0e7051aa5d181d81bdd0d3c94,88.86084763777956
0x93a2a7fe2e8ed541e6bf6489ca208c319e93191d,88.86084763775445
0xcd2b49b9974376736b3c102d14f5e469bd3e5d98,88.86084763768058
0xc37eb6976e0dd26597c823ad33aedbf3ecb7b84d,88.86084763766168
0x1b1045bdbb547f4e04fa61fe0c361dac3f4a514e,88.86084763765105
0x2acc99c33ed65d89504eb2040fcadd29e93640fa,88.86084763764245
0xa4195329d89ac68d8076e2f8e6e2b71286bfbfa3,88.86084763762618
0x8b42a699c05a322da6e2f2333e7e369f9a9bb95c,88.86084763762189
0x420026b2a917f624267237860f5cc3a3f1623bcf,88.86084763762189
0x2040316eab9cf0d57d44a36dfea7e9d240511e73,88.86084763762189
0x74baa21278e661ecea04992d5e8fbe6c29cf6f64,88.86084763762189
0x7e61f47d362366daf603e57e55c373fc59afc127,88.86084763762189
0xb92fd749168234f3a319ce6bcf40ff1600441dfa,88.86084763761794
0xd8fd20d0590d9ea49067ab288f0f8600eea2bb24,88.86084763761134
0x816207d778ff05bc779a51cc53fdc591234e5d1b,88.86084763760199
0xe79ebb240abfb531eb41eebb6308206efbee59ce,88.86084763759695
0xda34dd6743d6b6d5070b823f30078982c88b7e1f,88.86084763759182
0x1bf2b519b77f13f8b3fca9ace772d0d9ce0ef4eb,88.86084763759047
0x57bb6525c489ee43bee420f90379b047d7c40f31,88.86084763758892
0x6f636a1a8d60747f398aa4ce6f7bd23d83d89956,88.86084763758511
0x0a1d0447cce6215e436d20c91a790767181602dc,88.86084763758505
0xa66dc3c27dbf860c12bf714de054983069d5b8c1,88.86084763758487
0x585b7f51a3a5b531460267c670b846ce86972e32,88.8608476375845
0x4e564b84df2ef8d34d6e557dafed691481e83d0b,88.86084763758443
0x69f9e262ab96a599190bff462327f2d23ce2399c,88.8608476375841
0xfc3808e1180de958590186c6a62ddb1be1944f65,88.86084763758407
0x30f42c1dfb8d4375112b2a4bef310d9d0cfc3a17,88.86084763758407
0x3e60e41e6ff0da398442a3d7708503dca519716c,88.86084763758403
0xc9b712dfb0fc1a328cbab69dbde92c687c358585,88.86084763758383
0x515491350701b46a54c666d18822fd7e3c44ebd8,88.86084763758336
0x7bf26f1c6ae6e0acedb0ce4a86111a0fa331de41,88.86084763758325
0x1fbf5955b35728e650b56ef48ee9f3bd020164c8,88.86084763758325
0x1edbc986101495e0cceabe83bb2131a730cf9914,88.8608476375832
0x5d82c0e2a4dc12801d6b95d02aa77fa47874967e,88.86084763758319
0xdcff45f5867b7722743f3c746a138e5aac4a46e2,88.86084763758313
0x52ad87832400485de7e7dc965d8ad890f4e82699,88.86084763758312
0xd1083574e4ab99f4d56f49cc646308a73d835f2e,88.860847637583
0x9ec8e8f64ec6bb47d944b4b830130b5fcf2da182,88.860847637583
0xd9418d5bd82754420f92be3583ecfd3e984045ad,88.86084763758284
0x60f845d517fea18ed3c6ff1feaa07ec88ead36a4,88.8608476375827
0xb18c5aea83f7d0deb017e7eff08e9046121f78bc,88.8608476375827
0x90c47b85737393646b328489fae0b91354dc7735,88.86084763758268
0xfbfe3984c4af6cd870690a1f0a3beceec84d2c13,88.86084763758265
0xfd1543a26ee9a14b9e26bd7202b09a8dd7d26474,88.86084763758261
0xc609ae47b3b8c227d7545b12d8375781483209e5,88.86084763758258
0x08a8ad7c391285cdf77aa3347e0078a4fb59f663,88.86084763758258
0x05767e307333a5eaedb8a5ec7779bcf7c7258491,88.86084763758258
0x4ec5b02a9f109d44afa67615a5a2c9a02a77e08b,88.86084763758257
0xd846cac4b0c33b16a53a696f9a23b47d763c4c92,88.86084763758252
0x3f354011f11ee2e04accd8b7e2747c598c0cf9fd,88.86084763758248
0x3a82fcd2460e0531830962087b876affbf682abb,88.86084763758248
0x9606d2abeafd0b5a14d3436553db6488ae0daab6,88.86084763758248
0xc360c4c8fd8c2db40725ca19f7fb5b484143ade1,88.86084763758248
0xb7525dc44d61bbc81492aea66454828a37ba6343,88.86084763758248
0x8650c5a0b9173a0d92288466c18074ef7c973f67,88.86084763758248
0x50d8a3e750ce627bae538b5d48ac0ce396e252f6,88.86084763758248
0x0a6a2ed5fd8747e9a1e2d67c6babd465fb5e1ec6,88.86084763758248
0xdfa0b00ee3a3fa1823cd83252925b59c21438386,88.86084763758245
0x1f83b60b80d732dc7898a50d89db688bca40a7de,88.86084763758245
0x1561bf0a8da96bdee16c31f1ee5dcd1ca5d7952f,88.86084763758242
0x9a5674b5ee39e338ae40da82dd75757e818fed1f,88.86084763758242
0xe8364cc54354ba29422be485650768ffbcb1e97e,88.86084763758241
0x3b1978d47c10425ccd26ceba02736b7c6d3424db,88.86084763758238
0xb8091f6190bc4151d23598df0a5d986d0aa1075c,88.86084763758238
0xf16130080ddf88ca83d083262119daa24a1b5dcd,88.86084763758238
0x0cde64e05e02bf8a6e0f257719b8222d6fe51581,88.86084763758238
0x6e5918db9dacae5ae92c1ee9c140f6a2356ecbc5,88.86084763758238
0x8f6381083728240c8ac84ef572637087243b9fbc,88.86084763758237
0xfcd482a7c8ffa7df182921b753a6a36cb298db51,88.86084763758237
0x0ebc70f60f3a2181c08d8a5090c44cb7f461f7fd,88.86084763758234
0xad1f2688641d9fe17239d3625a8b6ab92ae78e89,88.86084763758234
0xab1348b382eaec3d4a05cb85c999fc205b45292c,88.86084763758234
0x0466a804c880cd5f225486a5d0f556be25b6fcc8,88.86084763758234
0x0f133c12d4415d7725b61d9987002b735b5905ea,88.86084763758232
0xb79e5195f855aa1d98ae034ef15ff73a0e37e4db,88.86084763758232
0x4fc604536134dc64718800361ecbca0df6cbfe08,88.86084763758232
0xbca9bae08fab0009094b965df28dbf7df11e75b6,88.8608476375823
0xda46d200053ca2402b4b447cc975da61c744c23a,88.8608476375823
0x9e6b460de0a61d3eb836021283cd15a89fe2fb91,88.8608476375823
0x21e5e54c2ca97cc16f2b2c11b3d822ce24f815df,88.86084763758227
0x6f457ac41dbc588e37e9dbdaeeeb604dbf220004,88.86084763758227
0x97e080f5e64a01ca33befd32e5c4eb16a1c53e32,88.86084763758227
0xb8ee518698243d21b076486239b2a352f6473c3b,88.86084763758227
0x85a2a80c9080570e6184cb6fcce504c6339635fb,88.86084763758227
0x42171bc4673a1c60e13aa3a64efa21c0d894c121,88.86084763758227
0xd8b3d214529eb391b1b9428ed2c562852c4185b5,88.86084763758227
0xe6e4154d85c52a325f4f51cec6d0fd40b974e6ae,88.86084763758227
0xa0fb717a91b266bf9a522a0ce31be599c37cd694,88.86084763758227
0x62e2f894964197a2458d8e8276e43450e9f5b885,88.86084763758227
0x93a356288e202db0c9533ea384ec8d4b94270806,88.86084763758227
0x2c3089198b48663ac124480cbd533953179ac8a9,88.86084763758227
0x67bff56a8a8c471e11472b4ae36be59232c29841,88.86084763758227
0x978742147bd585007dcd4ded134a40066778ff15,88.86084763758227
0x75bde6252d5a81eb445620ba285a3b26c7acf6f9,88.86084763758225
0x32c16c318804f3e16b644ec0bad20b230e131928,88.86084763758225
0xe87b6d81057c6c1c531ee1683774d542ed069ea1,88.86084763758222
0x68f3fe77902b769f839e2763ffdd0858a2cb1fe0,88.86084763758222
0x46ccc6b127d6d4d04080da2d3bb5fa9fb294708a,88.86084763758222
0x8107b00171a02f83d7a17f62941841c29c3ae60f,88.86084763758222
0xd937479b9276f8120ebb370bde3a842ea4caf0ae,88.86084763758222
0xd959be483c92ee7c00e2686ae6e816084b4ce08d,88.86084763758222
0xfc5f398e9056cc0cbb8e0b435e295f4fd18c2a4b,88.86084763758222
0x70f4c4a9a94fddcbfee4ca5b527402e30458f82d,88.86084763758222
0xaeb84158bbd553d4fbb152a403c7bdaf5e10517d,88.86084763758222
0xb76445f2ecb07143a99f604598fd84994d221e07,88.86084763758222
0xa54b641f3c7151ab2ac474bc683f49380761eb3d,88.86084763758222
0x768344b6dc60da13fe32ac5fb3203434c3de1afa,88.86084763758222
0x965cf7e7d50b6f38378d8e4e712f1e796c0b9d9c,88.86084763758222
0xf0839f77d88a93e74b5aca6946b89f110de750cf,88.86084763758222
0x68579abf20d8962926ac9299a621b85abfcb8c7f,88.86084763758222
0x1dfd91dd22cb010c0b7d3fbb76623713d8bfff66,88.86084763758222
0x42fb663d8f6f2dc9d4f9cd5d57c11cbbebaae41c,88.86084763758222
0x7b165e1727e30cc16bcc5c071cdac9740887fca7,88.86084763758222
0x4e6e308d7736450f110e89f1b1feee963ebef1b1,88.86084763758222
0x5919b3d42bd84e816533c2dd6a7dff7d02303e87,88.86084763758222
0x343b209d87f72ba773f89b8f5397c8600ca480a1,88.86084763758222
0x56842f916257ea9a927a00070ce014e68654cc00,88.86084763758222
0xef733ee40ea6c2af2a36cb7f4b94c19986ead34b,88.86084763758222
0xfcbd1a3b6ef78b3a72d04726469c769ee26cc0d4,88.86084763758221
0x7b3b5d5bc5894fe7a5136e08a5f35a9375efc0b4,88.86084763758221
0xccb5520c2211af9fd7cae749bb91728d72771e4f,88.86084763758221
0x5472367e0bc0f3ccc8d63be92aefdec51bf4f3ae,88.86084763758221
0x1a6d47bad059a1a2e0142b94cf43059a7e7561c5,88.86084763758221
0x211f8d4e57db34f5a7476771ab52ef4e407666e7,88.86084763758221
0xb5fb1a63da629c39687d917f4a9bbb49a4e283af,88.86084763758221
0x47d8e4eb3e7214440059461512173d7480a313da,88.86084763758218
0x7c2b598e6df91f013a48e335e88e4524f93b9f0a,88.86084763758218
0x213070749887f596dee47da98bbc0cd7fc425edb,88.86084763758218
0x2ad1cd5bf6094e42fc7a7d7e825e68885f9a6bcb,88.86084763758218
0x9a34bf3b0ca258b53ce97d623d0706096b1a96da,88.86084763758218
0x4b0322e23d4de507fcbf591a5297ec11cfd7e98c,88.86084763758218
0x7fed65a11b8e458d59878744c0f45506e6cc8525,88.86084763758218
0x397cec2a1b28075081f944d1265e6274853f68f0,88.86084763758218
0xe7b74d86f53fe2b28a35fbfcd14fa28c93545cd6,88.86084763758218
0xabca2289f0d03773e8b102248997e854aa36cd21,88.86084763758218
0xa6edd3b01cf82155ff2bd54a8c9179e898cbf0b8,88.86084763758218
0xf2d5a67c26962e1fb5e994b348a9c1378dc0ba3d,88.86084763758218
0xb16b5c920708925579028a638fccde88b31e1643,88.86084763758218
0x12aced41d3b2a91dae76774f3292faf8c4fa3b03,88.86084763758217
0x0230385654b11733811039fddd4d05f4537d59bf,88.86084763758217
0x3a431b013967a3f50b778c186e0f2019e32b8ae6,88.86084763758217
0x527d3454978ca21af6ce48445d00bfb645eb1031,88.86084763758217
0xc6a910d4cb82f82f8a2ca0167648c3e09d0cf4c0,88.86084763758217
0x6feac11a0de9ddf0ae14bd7a57305aec07466f2c,88.86084763758217
0xfc62310864feb3188179e67f68d00ae253519164,88.86084763758217
0x0d2e72d2b4e994326e801031e9d32bf5c7408cc6,88.86084763758217
0xb89ccde4647172f82a8d0dd1e8cc46b3a7ce43c5,88.86084763758217
0x62ed786dfd94e095b5b420db7b48f7fc0fd5a2e3,88.86084763758217
0x599aa2feaeec1c4caa33da6b7fbd0e6578953c96,88.86084763758217
0x03f8d3467bcb931622187cd9ea0ad82d231e345e,88.86084763758217
0x3f7f147c55b343a1fc533eaa9896a6a0e184ab23,88.86084763758217
0xf5dcb2a47f738d8ba39f9fa2ddc7592f268a262a,88.86084763758217
0x3ae03835f5f600a29f4dfac490a439151809fd40,88.86084763758217
0x9adc2245cc8c1db9a53623bf3bed37d0467a795b,88.86084763758217
0xfc5aa02cd9f1eda68f16261ea67af251a19ccc90,88.86084763758217
0x866cd0283408283d159a36b6bc6ec2d7e0143dec,88.86084763758217
0xd328aad3252df1b11ef6bda598b5998eb28f3e32,88.86084763758217
0x6cfbc9788d28ff46a9d455e5cc52399f83c54ed9,88.86084763758217
0xc2ab6bddc2e8bc20776580d357823abf0095f4d1,88.86084763758217
0x9217b8d0e7e831cbf2366476ad1c09204f4772f0,88.86084763758217
0x28c97af57a1ebdacc14eb0e009db7036554113e1,88.86084763758217
0xe4911b18abe2c86b96deea8f4eab994a6b97de4b,88.86084763758217
0x733428f811d11940ed1168dcc57e21a5660c8f68,88.86084763758217
0xaf48c0ac7e52719ced2ad0120905769967b9557f,88.86084763758217
0x6704236e3838f5d967ac60b8f7b16b31eecb50c8,88.86084763758214
0x6d7e6e36b18e9731c00cca108a14f690f3689319,88.86084763758214
0x7b159def87e9cc9707b04c6ac729e4a6cbe025fd,88.86084763758214
0x97a9de54d8d77ea3f515c6e53773c08bf90fa2f2,88.86084763758214
0xbc1bcedbdce23013ddb726ed1fc297614dbd6293,88.86084763758214
0x124dfab005c17c6ace04b04b6cc004417ed4af70,88.86084763758214
0x058b10cbe1872ad139b00326686ee8ccef274c58,88.86084763758214
0xa0be3432ffc5738cc23bef85ec69884c7d81b15e,88.86084763758214
0x07b6c918ab36928aed3a841b33ca674d5f600f40,88.86084763758214
0x272c603e0d852ee013d83669b67b164773cc8d0e,88.86084763758214
0xac6f67484f765180cda58ab40e31425957e92dab,88.86084763758214
0xf25f6dd8da41ba8931133d3ea1a39302c4400176,88.86084763758214
0xb3f5fc411e8166689853657aa6bc0293e06cfd7d,88.86084763758214
0x7d8e71187eb70959d23327999d005bfafb506c0b,88.86084763758214
0x2d25dedc2a061741e07843451754fe363107b0f3,88.86084763758214
0x7c9798c558b96d01f94affca72e7d46b0d230d81,88.86084763758214
0xcaba2231bc28f0fce76fea1f97e4c9225899b4ee,88.86084763758214
0x8644daa288acb539a07d3dceb6d58f7a2af60c3d,88.86084763758214
0xd53c9fedcc95187307908d659846a443cb1e7350,88.86084763758214
0xd99c4d61f385327ec94beb52244166003287c1ad,88.86084763758214
0xfd588319d55586ccd24551329b4a4d1e2ef1cf87,88.86084763758214
0x8315eb13e8c712a5bfb9f6ad26b577fe7ad85c7b,88.86084763758214
0xf6a15689e5eafc0f0380202cbc54fe2cafd89a5f,88.86084763758214
0x765c2327c343e89e41f42d09afc9ab21482b6865,88.86084763758214
0x0d530ba045aa9b82bbb0d004cea536b2669ed0ed,88.86084763758214
0x0d4cc9e8b797af790cb2df316288a1b962c50785,88.86084763758214
0x8264f04e80d4f43867aa608aaa82e3395ce94d05,88.86084763758214
0xaa1e39feb2ec9e05bf7d7d33e7c5286c096a426f,88.86084763758214
0xbd8756f58ed396567ca204132d1fed15470173b3,88.86084763758214
0xdb97d5512c94cd5df9a8d11b6029a37995e5cc2c,88.86084763758214
0x97d925de4bafd3f97fce06da95e61a917205f4f3,88.86084763758214
0x3416bfed590217938cae613de57720d446ac53e4,88.86084763758214
0xdd76dffda3bed844193dc986f295ab3ee6cba8df,88.86084763758214
0x86b6b58b85b68630435b381e61144341ec361337,88.86084763758214
0x7dbfae71bb4e5d4fd86263a11f9c972d0b7c0eab,88.86084763758214
0x575abc9bcbdb37eb1265089233beb1134edf3c13,88.86084763758214
0x6dbcbb17edc34b854c0cd556361449be30468f80,88.86084763758214
0x919de5aefa1b7a970574979162aa284040e0c3cb,88.86084763758214
0xe7a6db55ac2963a93a702b544fdcd61757a97b8e,88.86084763758214
0xaa99b64507e57d22f9609572c4671bc654b8fbc7,88.86084763758214
0xb616086f87478c5dc1c7ac1fa904ba934ea50e8f,88.86084763758214
0x01512843acd35b91eac50ba898b310e062051cae,88.86084763758214
0x4347e44d5ddf158d692ff86ea7df813ad799a990,88.86084763758214
0x19a2761d290d02be49b8d24ac9b3876ac9e6fe0b,88.86084763758214
0xb4a42b84cce16a6b0bf3d574c4c93848c26633be,88.86084763758214
0xfe81695a06c34be83fabc87840ec5244db2fc44c,88.86084763758214
0xec8ec771eb2f47492faf7645fab3dcb57ed1b8a7,88.86084763758214
0x578386906c50d7cb78fee1e4fa817e92872106cc,88.86084763758214
0xe8daf72958a50f02cb683096bd00d3f1981bf6de,88.86084763758214
0x32e14f0cf857506debfff26bb2f9d351b7ced23c,88.86084763758213
0xb35a10524a01149ae440dd4eb0813940bf653081,88.86084763758213
0x0c484b5870faac1a5b129b229ba80a8d431097b0,88.86084763758213
0x76f18d1df73dae2fd9b430ef229389e9f6dcf1c1,88.86084763758213
0x84a11655a2a9024ac2a78793f350ae7baf9fb3b3,88.86084763758213
0x30086c39930c0708b83e2c31ee080505d843ac8c,88.86084763758213
0x90eb355a85ea5324529224945bb55f1960da1b47,88.86084763758213
0x4dfd7c2ecf44468022775db20992b09eac699e56,88.86084763758213
0x4558ef17b852c4c19b765c8880ab31d669e1e03f,88.86084763758213
0x77047dd74cabebb56d04d2f1f9d07aad468717a3,88.86084763758213
0x8b64efa4143caf009b921935cbd89ea800e83841,88.86084763758213
0xd04b5f64cc6f01b89bcf05c8d2286e9ba744ef85,88.86084763758213
0xc3efb7341bedae640b68f1e3597f0c0662e14ba7,88.86084763758213
0x52c99ea35d7619be652cce9e2262a4b8f36e664d,88.86084763758213
0x87e19f6a15d25d7b028878a90a3d6d285acfbedf,88.86084763758213
0xd9999a3e975e2ba19eefe7047d5e4a86e9272c9b,88.86084763758213
0x8506d946cc63d1f1f3a303d68b0da64597cd64f3,88.86084763758213
0xf405ab9f6fcc82c22452c136740ed7833781aeec,88.86084763758213
0x6bb813898731f9c016cb8453baf9bfb301a3b650,88.86084763758213
0xb4fdb4349a5df9516138f73a7ffc372fee15d607,88.86084763758213
0x35e835b90db5a2052788712be39b6db4502bb259,88.86084763758213
0x057d1806599de49f2ee6e19d293bf55100ea4ab3,88.86084763758213
0xfffa404fbfe29adae17d7900b3740367a1247fbb,88.86084763758213
0xfc72a128cade26a6d1d06888b732ebc74762e6a4,88.86084763758213
0xfdf81d551a6779bed6905d8e7d9fb6cefcfb219a,88.86084763758213
0x0f7865bf70acb922bed64ae59ecc09c162f23236,88.86084763758213
0x203b2ba001622e9ee2d4177b3d46018e5ead315a,88.86084763758213
0x9c0fd91ca84e062b0ffbdf4b8c5623553f643b1c,88.86084763758213
0x0df533996310ec7f7683b9ce90126bca431e2195,88.86084763758213
0x28cd10f93aad20615e6416328a4dd48946e56750,88.86084763758213
0xfe2353c808f2409ccb81508005a62cef29457706,88.86084763758213
0x9d2e9875bd4286efa4fe83f30992c8aa9293cee0,88.86084763758213
0x9f9af3c686244ed1d0c28b40e2fe3c430845bed5,88.86084763758213
0x9bd777d03390292e4ab0b3021c7225277d0da3bf,88.86084763758213
0x228a170a65e8a90af0d46b4dc88ae66e0a5feb62,88.86084763758213
0x7b9bed65c5dd378b96b5c4d94b5b8c862852b514,88.86084763758213
0x322e41bf26ccdef8b4b82554e6253d42735d62af,88.86084763758213
0xc6701a83ae9f681994ce5e8ab09073e9e24744e6,88.86084763758213
0xc66a6d9b377db1e237455b6c83bee4e64770f911,88.86084763758213
0x3a4e1c8ad003a9c977457c059c8f202c070622bc,88.86084763758213
